{
  "hash": "73c79c9f",
  "browserHash": "744cfc10",
  "optimized": {
    "@angular/common": {
      "src": "../../../../../node_modules/@angular/common/fesm2022/common.mjs",
      "file": "@angular_common.js",
      "fileHash": "3044c1ca",
      "needsInterop": false
    },
    "@angular/common/http": {
      "src": "../../../../../node_modules/@angular/common/fesm2022/http.mjs",
      "file": "@angular_common_http.js",
      "fileHash": "9932abd5",
      "needsInterop": false
    },
    "@angular/core": {
      "src": "../../../../../node_modules/@angular/core/fesm2022/core.mjs",
      "file": "@angular_core.js",
      "fileHash": "2b8b6c33",
      "needsInterop": false
    },
    "@angular/forms": {
      "src": "../../../../../node_modules/@angular/forms/fesm2022/forms.mjs",
      "file": "@angular_forms.js",
      "fileHash": "68a34124",
      "needsInterop": false
    },
    "@angular/platform-browser": {
      "src": "../../../../../node_modules/@angular/platform-browser/fesm2022/platform-browser.mjs",
      "file": "@angular_platform-browser.js",
      "fileHash": "1b53d189",
      "needsInterop": false
    },
    "@angular/router": {
      "src": "../../../../../node_modules/@angular/router/fesm2022/router.mjs",
      "file": "@angular_router.js",
      "fileHash": "fb6ec86a",
      "needsInterop": false
    },
    "rxjs": {
      "src": "../../../../../node_modules/rxjs/dist/esm5/index.js",
      "file": "rxjs.js",
      "fileHash": "23d8e1d9",
      "needsInterop": false
    }
  },
  "chunks": {
    "chunk-ORZMFWF5": {
      "file": "chunk-ORZMFWF5.js"
    },
    "chunk-VT2SJOGA": {
      "file": "chunk-VT2SJOGA.js"
    },
    "chunk-LYWEOCCW": {
      "file": "chunk-LYWEOCCW.js"
    },
    "chunk-LY46VLFS": {
      "file": "chunk-LY46VLFS.js"
    },
    "chunk-V4QF72PL": {
      "file": "chunk-V4QF72PL.js"
    }
  }
}